id_contrato,titulo,organismo,fecha,link,tipo_procedimiento,importe_eur,adjudicacion_directa,fuente,id_expediente
https://contrataciondelestado.es/sindicacion/licitacionesPerfilContratante/18486183,Contrato de servicios especializados en desarrollo de currículos formativos para un curso de salud mental y recuperación de trauma para poblaciones afectadas por conflictos para la OCE de España en Etiopía,Dirección de la Agencia Española de Cooperación Internacional para el Desarrollo (AECID),2026-06-29,https://contrataciondelestado.es/wps/poc?uri=deeplink:detalle_licitacion&amp;idEvl=bfPwF%2BCgWQQkJPJS%2BPS9vg%3D%3D,No especificado,224000.0,False,PLACE/Atom,2025/CTR/0900993
https://contrataciondelestado.es/sindicacion/licitacionesPerfilContratante/4079603,Contrato Administrativo de Servicios de diseño gráfico en el Centro Cultural de España en Costa Rica de la Agencia Española de Cooperación Internacional para el Desarrollo.,Dirección de la Agencia Española de Cooperación Internacional para el Desarrollo (AECID),2019-09-27,https://contrataciondelestado.es/wps/poc?uri=deeplink:detalle_licitacion&amp;idEvl=eJDKYy5Jgxguf4aBO%2BvQlQ%3D%3D,No especificado,3172082.0,False,PLACE/ZIP-historico,2018/CTR/0900722
https://contrataciondelestado.es/sindicacion/licitacionesPerfilContratante/4079726,Servicios de comunicación para el centro de formación de España en Bolivia de la Agencia Española de Cooperación Internacional para el Desarrollo.,Dirección de la Agencia Española de Cooperación Internacional para el Desarrollo (AECID),2019-09-27,https://contrataciondelestado.es/wps/poc?uri=deeplink:detalle_licitacion&amp;idEvl=%2Bfyh8OKyRuqiEJrVRqloyA%3D%3D,No especificado,4827683.0,False,PLACE/ZIP-historico,2018/CTR/0901636
https://contrataciondelestado.es/sindicacion/licitacionesPerfilContratante/2321811,Gestión de expedientes de seguimiento y reintegro de subvenciones otorgadas por la Agencia Española de Cooperación Internacional para el Desarrollo(AECID),Dirección de la Agencia Española de Cooperación Internacional para el Desarrollo (AECID),2019-09-24,https://contrataciondelestado.es/wps/poc?uri=deeplink:detalle_licitacion&amp;idEvl=yC9L3qUTKBurz3GQd5r6SQ%3D%3D,No especificado,614000.0,False,PLACE/ZIP-historico,2018/CTR/0900891
https://contrataciondelestado.es/sindicacion/licitacionesPerfilContratante/3916005,"Servicio de transporte y seguro de las exposiciones ""ARCHIPAPER "" Y ""CITY BLUES""",Dirección de la Agencia Española de Cooperación Internacional para el Desarrollo (AECID),2019-09-23,https://contrataciondelestado.es/wps/poc?uri=deeplink:detalle_licitacion&amp;idEvl=KM2Gp1fZTg1vYnTkQN0%2FZA%3D%3D,No especificado,2106397.0,False,PLACE/ZIP-historico,2019/CTR/0900401
https://contrataciondelestado.es/sindicacion/licitacionesPerfilContratante/11885273,Contrato de suministro consistente en la adquisición de vehículos a motor para la Oficina Técnica de Cooperación en Nicaragua de la Agencia Española de Cooperación Internacional para el Desarrollo.,Dirección de la Agencia Española de Cooperación Internacional para el Desarrollo (AECID),2023-01-05,https://contrataciondelestado.es/wps/poc?uri=deeplink:detalle_licitacion&amp;idEvl=e2sLlZhd23znSoTX3z%2F7wA%3D%3D,No especificado,4923229.0,False,PLACE/ZIP-historico,2022/CTR/0900776
https://contrataciondelestado.es/sindicacion/licitacionesPerfilContratante/6362818,Servicio de apoyo técnico a la contratación para las Oficinas de la Agencia Española de Cooperación Internacional para el Desarrollo (AECID) en el exterior.,Dirección de la Agencia Española de Cooperación Internacional para el Desarrollo (AECID),2023-02-20,https://contrataciondelestado.es/wps/poc?uri=deeplink:detalle_licitacion&amp;idEvl=ILNLiWaebu8uf4aBO%2BvQlQ%3D%3D,No especificado,2104395.0,False,PLACE/ZIP-historico,2020/CTR/0900223
https://contrataciondelestado.es/sindicacion/licitacionesPerfilContratante/7463612,Servicios de apoyo técnico especializado para la ejecución de la acción regional LAIF City Life en América Latina de la Agencia Española de Cooperación Internacional para el Desarrollo (AECID).,Dirección de la Agencia Española de Cooperación Internacional para el Desarrollo (AECID),2023-02-20,https://contrataciondelestado.es/wps/poc?uri=deeplink:detalle_licitacion&amp;idEvl=BrxG8x6HNgjnSoTX3z%2F7wA%3D%3D,No especificado,3801613.0,False,PLACE/ZIP-historico,2021/CTR/0900146
https://contrataciondelestado.es/sindicacion/licitacionesPerfilContratante/12226568,Contrato administrativo de servicios de mudanza del Coordinador General saliente de la Oficina Técnica de Cooperación de Mali para Cuba en la Oficina Técnica de Cooperación de Mali de la Agencia Española de Cooperación Internacional para el Desarrollo.,Dirección de la Agencia Española de Cooperación Internacional para el Desarrollo (AECID),2023-02-24,https://contrataciondelestado.es/wps/poc?uri=deeplink:detalle_licitacion&amp;idEvl=sn4ZSaHRPIerz3GQd5r6SQ%3D%3D,No especificado,2709689.0,False,PLACE/ZIP-historico,2022/CTR/0900482
https://contrataciondelestado.es/sindicacion/licitacionesPerfilContratante/12226585,Contrato administrativo de servicios de conductor de apoyo de la Oficina Técnica de Cooperación de España en Níger de la Agencia Española de Cooperación Internacional para el Desarrollo.,Dirección de la Agencia Española de Cooperación Internacional para el Desarrollo (AECID),2023-02-24,https://contrataciondelestado.es/wps/poc?uri=deeplink:detalle_licitacion&amp;idEvl=W5WWZi2mwa2XQV0WE7lYPw%3D%3D,No especificado,1646449.0,False,PLACE/ZIP-historico,2022/CTR/0900205
https://contrataciondelestado.es/sindicacion/licitacionesPerfilContratante/12226603,Contrato de suministro consistente en la adquisición de vehículos a motor para la Unidad de Gestión de Cooperación Delegada de la Oficina Técnica de Cooperación en Haití de la Agencia Española de Cooperación Internacional para el Desarrollo.,Dirección de la Agencia Española de Cooperación Internacional para el Desarrollo (AECID),2023-02-24,https://contrataciondelestado.es/wps/poc?uri=deeplink:detalle_licitacion&amp;idEvl=VXrEUmBNU%2FcBPRBxZ4nJ%2Fg%3D%3D,No especificado,5124985.0,False,PLACE/ZIP-historico,2022/CTR/0900028
https://contrataciondelestado.es/sindicacion/licitacionesPerfilContratante/10156749,Servicios de mantenimiento de las unidades de climatización del centro de proceso de datos de la sede central de la Agencia Española de Cooperación Internacional,Dirección de la Agencia Española de Cooperación Internacional para el Desarrollo (AECID),2023-02-27,https://contrataciondelestado.es/wps/poc?uri=deeplink:detalle_licitacion&amp;idEvl=XVeg7DkRyJQBPRBxZ4nJ%2Fg%3D%3D,No especificado,600063.0,False,PLACE/ZIP-historico,2022/CTR/0900047
https://contrataciondelestado.es/sindicacion/licitacionesPerfilContratante/6821238,"Contrato de servicio de mantenimiento integral y conservación de los edificios y sus elementos, así como el servicio de jardinería interior y exterior de la Agencia española de Cooperación Internacional para el desarrollo (AECID) en Madrid",Dirección de la Agencia Española de Cooperación Internacional para el Desarrollo (AECID),2023-02-28,https://contrataciondelestado.es/wps/poc?uri=deeplink:detalle_licitacion&amp;idEvl=kN7jaC6OvcgBPRBxZ4nJ%2Fg%3D%3D,No especificado,40070149.0,False,PLACE/ZIP-historico,2020/CTR/0900664
https://contrataciondelestado.es/sindicacion/licitacionesPerfilContratante/7771140,Suministro de licencias productos SAP,Dirección de la Agencia Española de Cooperación Internacional para el Desarrollo (AECID),2023-03-03,https://contrataciondelestado.es/wps/poc?uri=deeplink:detalle_licitacion&amp;idEvl=27irE6YbtWDnSoTX3z%2F7wA%3D%3D,No especificado,22201842.0,False,PLACE/ZIP-historico,2021/CTR/0900354
https://contrataciondelestado.es/sindicacion/licitacionesPerfilContratante/10877201,Servicio de creación y mantenimiento de la plataforma de conocimiento de la acción Laif City Life,Dirección de la Agencia Española de Cooperación Internacional para el Desarrollo (AECID),2023-03-06,https://contrataciondelestado.es/wps/poc?uri=deeplink:detalle_licitacion&amp;idEvl=EfA%2B6TlSQbKiEJrVRqloyA%3D%3D,No especificado,20661139.0,False,PLACE/ZIP-historico,2022/CTR/0900427
https://contrataciondelestado.es/sindicacion/licitacionesPerfilContratante/11584872,Servicio de elaboración de una guía técnica de planificación hidrológica en el marco de la Gestión integrada  de  recursos hídricos  dirigida  al  ámbito  iberoamericano,Dirección de la Agencia Española de Cooperación Internacional para el Desarrollo (AECID),2023-03-07,https://contrataciondelestado.es/wps/poc?uri=deeplink:detalle_licitacion&amp;idEvl=1%2FPZTG5AhGh7h85%2Fpmmsfw%3D%3D,No especificado,1652599.0,False,PLACE/ZIP-historico,2021/CTR/0900646
https://contrataciondelestado.es/sindicacion/licitacionesPerfilContratante/5471145,Servicio de mantenimiento y conservación de los sistemas de seguridad en los edificios de la AECID en Madrid,Dirección de la Agencia Española de Cooperación Internacional para el Desarrollo (AECID),2023-03-11,https://contrataciondelestado.es/wps/poc?uri=deeplink:detalle_licitacion&amp;idEvl=gWeLuayXnRqiEJrVRqloyA%3D%3D,No especificado,2644628.0,False,PLACE/ZIP-historico,2019/CTR/0900715
https://contrataciondelestado.es/sindicacion/licitacionesPerfilContratante/11586694,"Servicios de asistencia técnica para las tareas de apoyo, revisión, sistematización y elaboración de ficha de análisis de las intervenciones de la OAH.",Dirección de la Agencia Española de Cooperación Internacional para el Desarrollo (AECID),2023-03-14,https://contrataciondelestado.es/wps/poc?uri=deeplink:detalle_licitacion&amp;idEvl=s0EATB1hqXWiEJrVRqloyA%3D%3D,No especificado,37500.0,False,PLACE/ZIP-historico,2022/CTR/0900146
https://contrataciondelestado.es/sindicacion/licitacionesPerfilContratante/6134668,Servicio de gestión de expedientes de seguimiento y reintegro de subvenciones otorgadas por la Agencia Española de Cooperación Internacional para el Desarrollo (AECID).,Dirección de la Agencia Española de Cooperación Internacional para el Desarrollo (AECID),2023-03-15,https://contrataciondelestado.es/wps/poc?uri=deeplink:detalle_licitacion&amp;idEvl=%2BUQGb9N9eDOXQV0WE7lYPw%3D%3D,No especificado,6671968.0,False,PLACE/ZIP-historico,2020/CTR/0900150
https://contrataciondelestado.es/sindicacion/licitacionesPerfilContratante/11596415,Servicios de consultoría y asistencia técnica al Comité de Ética de la Agencia Española de Cooperación Internacional al Desarrollo.,Dirección de la Agencia Española de Cooperación Internacional para el Desarrollo (AECID),2023-03-20,https://contrataciondelestado.es/wps/poc?uri=deeplink:detalle_licitacion&amp;idEvl=jZYy1O21NO8uf4aBO%2BvQlQ%3D%3D,No especificado,12000.0,False,PLACE/ZIP-historico,2022/CTR/0900375
https://contrataciondelestado.es/sindicacion/licitacionesPerfilContratante/11829872,Servicio producción de programas de cooperación internacional para el desarrollo en Radio Nacional de España.,Dirección de la Agencia Española de Cooperación Internacional para el Desarrollo (AECID),2023-04-03,https://contrataciondelestado.es/wps/poc?uri=deeplink:detalle_licitacion&amp;idEvl=%2FkOufvOV3bSmq21uxhbaVQ%3D%3D,No especificado,2746545.0,False,PLACE/ZIP-historico,2022/CTR/0900809
https://contrataciondelestado.es/sindicacion/licitacionesPerfilContratante/12029932,Servicio asistencia justificación técnica subvenciones de cooperación internacional concedidas en desarrollo de la Política Exterior del Gobierno.,Dirección de la Agencia Española de Cooperación Internacional para el Desarrollo (AECID),2023-04-25,https://contrataciondelestado.es/wps/poc?uri=deeplink:detalle_licitacion&amp;idEvl=qMAXtjX9ygPnSoTX3z%2F7wA%3D%3D,No especificado,4700037.0,False,PLACE/ZIP-historico,2022/CTR/0900787
https://contrataciondelestado.es/sindicacion/licitacionesPerfilContratante/12744497,Contrato de servicios de asistencia técnica para la prestación de servicios de comunicación para el diseño e implementación del plan de comunicación y visibilidad del proyecto de Cooperación Delegada “Apoyo al combate a la corrupción en Mozambique” en la Oficina Técnica de Cooperación en Mozambique de la Agencia Española de Cooperación Internacional para el Desarrollo.,Dirección de la Agencia Española de Cooperación Internacional para el Desarrollo (AECID),2023-05-16,https://contrataciondelestado.es/wps/poc?uri=deeplink:detalle_licitacion&amp;idEvl=QWMTAeVmLEPnSoTX3z%2F7wA%3D%3D,No especificado,965000.0,False,PLACE/ZIP-historico,2022/CTR/0900485
https://contrataciondelestado.es/sindicacion/licitacionesPerfilContratante/12760529,"servicios de asistencia técnica para la elaboración y validación de los perfiles profesionales de dos familias profesionales para su inclusión en el catálogo nacional de cualificaciones de República Dominicana, en el marco del proyecto de fortalecimiento del sistema de educación y formación técnico profesional (PROETP II) con destino a la OTC en República Dominicana de la Agencia Española de Cooperación Internacional para el Desarrollo. (lote 1 y lote 2)",Dirección de la Agencia Española de Cooperación Internacional para el Desarrollo (AECID),2023-05-18,https://contrataciondelestado.es/wps/poc?uri=deeplink:detalle_licitacion&amp;idEvl=VLdMgLqiBCd7h85%2Fpmmsfw%3D%3D,No especificado,50576472.0,False,PLACE/ZIP-historico,2022/CTR/0900483
https://contrataciondelestado.es/sindicacion/licitacionesPerfilContratante/9575708,Suministro de bienes de atención primera necesidad de familias ante catástrofes y crisis humanitarias de productos de visibilidad para la Oficina de Acción Humanitaria de la Agencia Española de Cooperación Internacional para el Desarrollo (AECID),Dirección de la Agencia Española de Cooperación Internacional para el Desarrollo (AECID),2023-05-18,https://contrataciondelestado.es/wps/poc?uri=deeplink:detalle_licitacion&amp;idEvl=HleZN%2Flj%2BTABPRBxZ4nJ%2Fg%3D%3D,No especificado,237500.0,False,PLACE/ZIP-historico,2022/CTR/0900107
https://contrataciondelestado.es/sindicacion/licitacionesPerfilContratante/12767516,El objeto del expediente es la contratación de un servicio de oficina de transformación tecnológica y calidad en los procesos de desarrollo software de la AECID.,Dirección de la Agencia Española de Cooperación Internacional para el Desarrollo (AECID),2023-05-19,https://contrataciondelestado.es/wps/poc?uri=deeplink:detalle_licitacion&amp;idEvl=2Bg9LpBfVRyrz3GQd5r6SQ%3D%3D,No especificado,7883686.0,False,PLACE/ZIP-historico,2023Qd600091
https://contrataciondelestado.es/sindicacion/licitacionesPerfilContratante/12767602,"la contratación de un servicio de mantenimiento de los sistemas de información basados en tecnología Microsoft, así como de soporte al uso de las herramientas del ecosistema 365, de la AECID.",Dirección de la Agencia Española de Cooperación Internacional para el Desarrollo (AECID),2023-05-19,https://contrataciondelestado.es/wps/poc?uri=deeplink:detalle_licitacion&amp;idEvl=44NtxrGNNlaiEJrVRqloyA%3D%3D,No especificado,59217576.0,False,PLACE/ZIP-historico,2023Qd600090
https://contrataciondelestado.es/sindicacion/licitacionesPerfilContratante/9210574,"Seguro colectivo de asistencia sanitaria y de accidentes para becarios y lectores españoles que viajan al extranjero, o extranjeros que viajan a un país que no es España y otro personal que participe en programas, proyectos o actividades de cooperación de la Agencia Española de Cooperación Internacional para el Desarrollo.",Dirección de la Agencia Española de Cooperación Internacional para el Desarrollo (AECID),2023-05-23,https://contrataciondelestado.es/wps/poc?uri=deeplink:detalle_licitacion&amp;idEvl=7l%2BEGuDFTuPnSoTX3z%2F7wA%3D%3D,No especificado,41913243.0,False,PLACE/ZIP-historico,2022/CTR/0900027
https://contrataciondelestado.es/sindicacion/licitacionesPerfilContratante/12002223,servicios de apoyo al DCS en la puesta en marcha del Programa de Formación Médica y apoyo técnico a la Secretaría Técnica de este,Dirección de la Agencia Española de Cooperación Internacional para el Desarrollo (AECID),2023-05-26,https://contrataciondelestado.es/wps/poc?uri=deeplink:detalle_licitacion&amp;idEvl=X%2FYH3YHh%2FjMSugstABGr5A%3D%3D,No especificado,14800381.0,False,PLACE/ZIP-historico,2022/CTR/0901040
https://contrataciondelestado.es/sindicacion/licitacionesPerfilContratante/7284054,Contrato de suministro de Gasóleo C para calefacción en la sede principal de la Agencia Española de Cooperación Internacional para el Desarrollo (AECID),Dirección de la Agencia Española de Cooperación Internacional para el Desarrollo (AECID),2023-06-05,https://contrataciondelestado.es/wps/poc?uri=deeplink:detalle_licitacion&amp;idEvl=CviauAXxrqF7h85%2Fpmmsfw%3D%3D,No especificado,12396694.0,False,PLACE/ZIP-historico,2021/CTR/0900040
https://contrataciondelestado.es/sindicacion/licitacionesPerfilContratante/12852895,Contrato para la renovación de licencias de software para la infraestructura de equipos informáticos de la AECID.,Dirección de la Agencia Española de Cooperación Internacional para el Desarrollo (AECID),2023-06-05,https://contrataciondelestado.es/wps/poc?uri=deeplink:detalle_licitacion&amp;idEvl=NVyHcmZmAZ07u6%2B%2FR7DUoA%3D%3D,No especificado,51258567.0,False,PLACE/ZIP-historico,2023Qd600181
https://contrataciondelestado.es/sindicacion/licitacionesPerfilContratante/12895482,"El objeto de este contrato es el de la adquisición de diferentes licencias de productos necesarios
para el correcto funcionamiento del software de productividad y colaboración del Departamento
de Sistemas y Tecnologías de la Información (DSTI) de la Agencia Española de Cooperación
Internacional para el Desarrollo (AECID).",Dirección de la Agencia Española de Cooperación Internacional para el Desarrollo (AECID),2023-06-12,https://contrataciondelestado.es/wps/poc?uri=deeplink:detalle_licitacion&amp;idEvl=MdWK5AyhNvUaF6cS8TCh%2FA%3D%3D,No especificado,59657172.0,False,PLACE/ZIP-historico,2023/CTR/0900198
https://contrataciondelestado.es/sindicacion/licitacionesPerfilContratante/7561551,Suministro de recarga de tarjetas restaurante para ayuda a los gastos de desayuno y/o comida del personal de la AECID,Dirección de la Agencia Española de Cooperación Internacional para el Desarrollo (AECID),2023-06-13,https://contrataciondelestado.es/wps/poc?uri=deeplink:detalle_licitacion&amp;idEvl=9jNSyY%2BOn%2F%2FnSoTX3z%2F7wA%3D%3D,No especificado,217817.0,False,PLACE/ZIP-historico,2021/CTR/0900195
https://contrataciondelestado.es/sindicacion/licitacionesPerfilContratante/7899119,Servicios de impartición de cursos de idioma árabe en la Agencia Española de Cooperación Internacional para el Desarrollo (AECID),Dirección de la Agencia Española de Cooperación Internacional para el Desarrollo (AECID),2023-06-19,https://contrataciondelestado.es/wps/poc?uri=deeplink:detalle_licitacion&amp;idEvl=oG6adr6o8vKiEJrVRqloyA%3D%3D,No especificado,772714.0,False,PLACE/ZIP-historico,2021/CTR/0900145
https://contrataciondelestado.es/sindicacion/licitacionesPerfilContratante/12957441,"La contratación de un servicio de mantenimiento de los sistemas de información basados en la tecnología Java, así como los basados en la plataforma G-ONCE, aplicativos de gestión de ONGDS y el sistema de gestión documental basado en Alfresco, de la AECID.",Dirección de la Agencia Española de Cooperación Internacional para el Desarrollo (AECID),2023-06-22,https://contrataciondelestado.es/wps/poc?uri=deeplink:detalle_licitacion&amp;idEvl=bon2Pvpd0w%2BiEJrVRqloyA%3D%3D,No especificado,62674397.0,False,PLACE/ZIP-historico,2023Qd600096
https://contrataciondelestado.es/sindicacion/licitacionesPerfilContratante/11586908,"Prestaciones de hacer para la impresión de 22 números de la revista Cuadernos Hispanoamericanos, en los términos que se especifican en el pliego de prescripciones técnicas.",Dirección de la Agencia Española de Cooperación Internacional para el Desarrollo (AECID),2023-06-26,https://contrataciondelestado.es/wps/poc?uri=deeplink:detalle_licitacion&amp;idEvl=%2FZLUdZ44iwqiEJrVRqloyA%3D%3D,No especificado,10001967.0,False,PLACE/ZIP-historico,2022/CTR/0900835
https://contrataciondelestado.es/sindicacion/licitacionesPerfilContratante/13019593,"Renovación de diferentes licencias de productos de asistencia&#xD;
remota a usuarios usados por el personal del Departamento de Sistemas y Tecnologías de la&#xD;
Información (DSTI) de la AGENCIA ESPAÑOLA DE COOPERACIÓN INTERNACIONAL PARA EL&#xD;
DESARROLLO (AECID).",Dirección de la Agencia Española de Cooperación Internacional para el Desarrollo (AECID),2023-07-03,https://contrataciondelestado.es/wps/poc?uri=deeplink:detalle_licitacion&amp;idEvl=GzaIc2uBIvJSYrkJkLlFdw%3D%3D,No especificado,25272.0,False,PLACE/ZIP-historico,2023qD600107
https://contrataciondelestado.es/sindicacion/licitacionesPerfilContratante/8881903,"Servicios de catalogación de documentos, difusión web y de atención al público en la búsqueda y uso de materiales en el ámbito de La Biblioteca de la AECID de la Dirección de Relaciones Culturales y Científicas de la Agencia.&#xD;",Dirección de la Agencia Española de Cooperación Internacional para el Desarrollo (AECID),2023-07-04,https://contrataciondelestado.es/wps/poc?uri=deeplink:detalle_licitacion&amp;idEvl=nbCKdJoeMGMSugstABGr5A%3D%3D,Directo,41674177.0,False,PLACE/ZIP-historico,2021/CTR/0900801
https://contrataciondelestado.es/sindicacion/licitacionesPerfilContratante/13097079,"La adquisición de licencias de Sistema Operativo necesarias para la ejecución de un conjunto de aplicativos corporativos de la Agencia Española de&#xD;
Cooperación Internacional para el Desarrollo (AECID).",Dirección de la Agencia Española de Cooperación Internacional para el Desarrollo (AECID),2023-07-17,https://contrataciondelestado.es/wps/poc?uri=deeplink:detalle_licitacion&amp;idEvl=R5tB1YsJotf5Rey58Yagpg%3D%3D,No especificado,78000.0,False,PLACE/ZIP-historico,023Qd600341
https://contrataciondelestado.es/sindicacion/licitacionesPerfilContratante/12900416,"El servicio de consistente en las prestaciones de hacer para tareas de apoyo en análisis, preparación y planificación de la presidencia española del Grupo de Trabajo sobre Acción Humanitaria y Asistencia Alimentaria del Consejo de la Unión Europea, cuyas prestaciones concretas y las características de su ejecución material se definirán en el pliego de prescripciones técnicas (en adelante PPT) aprobado para su contratación.",Dirección de la Agencia Española de Cooperación Internacional para el Desarrollo (AECID),2023-07-28,https://contrataciondelestado.es/wps/poc?uri=deeplink:detalle_licitacion&amp;idEvl=XOXj%2FYHmi1bCfVQHDepjGQ%3D%3D,No especificado,5865971.0,False,PLACE/ZIP-historico,2023Qdw00022
https://contrataciondelestado.es/sindicacion/licitacionesPerfilContratante/7463643,"Servicio de mantenimiento evolutivo, correctivo y adaptativo de módulos implantados sobre plataforma SAP/ECC 6.0 en la Agencia Española de Cooperación&#xD;",Dirección de la Agencia Española de Cooperación Internacional para el Desarrollo (AECID),2023-07-26,https://contrataciondelestado.es/wps/poc?uri=deeplink:detalle_licitacion&amp;idEvl=4Cs3LVPffaCmq21uxhbaVQ%3D%3D,No especificado,9275392.0,False,PLACE/ZIP-historico,CTR.2021/0900156
https://contrataciondelestado.es/sindicacion/licitacionesPerfilContratante/7504454,Servicio de soporte técnico al servicio de telecomunicaciones de la Agencia Española de Cooperación Internacional para el Desarrollo (AECID),Dirección de la Agencia Española de Cooperación Internacional para el Desarrollo (AECID),2023-07-25,https://contrataciondelestado.es/wps/poc?uri=deeplink:detalle_licitacion&amp;idEvl=nHXKWcDzWVx7h85%2Fpmmsfw%3D%3D,No especificado,115000.0,False,PLACE/ZIP-historico,2021/CTR/0900157
https://contrataciondelestado.es/sindicacion/licitacionesPerfilContratante/10996394,servicio bancario en UCEs,Dirección de la Agencia Española de Cooperación Internacional para el Desarrollo (AECID),2023-07-31,https://contrataciondelestado.es/wps/poc?uri=deeplink:detalle_licitacion&amp;idEvl=RAxoU%2FzG1%2FPnSoTX3z%2F7wA%3D%3D,No especificado,13592293.0,False,PLACE/ZIP-historico,2022/CTR/0900290
https://contrataciondelestado.es/sindicacion/licitacionesPerfilContratante/13174932,"servicios de asistencia para la coordinación, seguimiento, asistencia técnica y ejecución de los resultados del proyecto de Cooperación delegada de la UCE “Apoyo al combate a la corrupción en Mozambique” en la Oficina técnica de cooperación&#xD;
de España en Mozambique",Dirección de la Agencia Española de Cooperación Internacional para el Desarrollo (AECID),2023-08-02,https://contrataciondelestado.es/wps/poc?uri=deeplink:detalle_licitacion&amp;idEvl=gDQgOHyUnMrXOjazN1Dw9Q%3D%3D,No especificado,193822393.0,False,PLACE/ZIP-historico,2022/CTR/0900818
https://contrataciondelestado.es/sindicacion/licitacionesPerfilContratante/13188046,"Contrato de servicios de vigilancia y seguridad privada para el Centro de Formación de España en Cartagena de Indias- Colombia, de la Agencia Española de Cooperación Internacional para el desarrollo",Dirección de la Agencia Española de Cooperación Internacional para el Desarrollo (AECID),2023-08-04,https://contrataciondelestado.es/wps/poc?uri=deeplink:detalle_licitacion&amp;idEvl=c9pcwbrZ4p94zIRvjBVCSw%3D%3D,No especificado,22432833.0,False,PLACE/ZIP-historico,2023/CTR/0900119
https://contrataciondelestado.es/sindicacion/licitacionesPerfilContratante/7669811,"Seguro de asistencia sanitaria para becarios y otro personal que participe en programas, proyectos o actividades de cooperación de la Agencia Española de Cooperación Internacional para el Desarrollo&#xD;",Dirección de la Agencia Española de Cooperación Internacional para el Desarrollo (AECID),2023-08-04,https://contrataciondelestado.es/wps/poc?uri=deeplink:detalle_licitacion&amp;idEvl=fVAvy2oAFifnSoTX3z%2F7wA%3D%3D,No especificado,19770344.0,False,PLACE/ZIP-historico,2021/CTR/0900255
https://contrataciondelestado.es/sindicacion/licitacionesPerfilContratante/13202083,Contrato de servicios de vigilancia y seguridad privada en la oficina técnica de cooperación de España en República dominicana de la AECID,Dirección de la Agencia Española de Cooperación Internacional para el Desarrollo (AECID),2023-08-08,https://contrataciondelestado.es/wps/poc?uri=deeplink:detalle_licitacion&amp;idEvl=ObemrQgl1QYtm4eBPtV6eQ%3D%3D,No especificado,8045592.0,False,PLACE/ZIP-historico,2023/CTR/0900168
https://contrataciondelestado.es/sindicacion/licitacionesPerfilContratante/13214571,La adquisición de licencias software de impresión en Red en la Agencia Española de Cooperación Internacional para el Desarrollo,Dirección de la Agencia Española de Cooperación Internacional para el Desarrollo (AECID),2023-08-10,https://contrataciondelestado.es/wps/poc?uri=deeplink:detalle_licitacion&amp;idEvl=EYmbkCrORpZ70UvEyYJSGw%3D%3D,No especificado,9600.0,False,PLACE/ZIP-historico,2023Qd600527
https://contrataciondelestado.es/sindicacion/licitacionesPerfilContratante/5925575,"Traslado y manipulación de mobiliario, enseres y documentación en todas las dependencias de la Agencia Española de Cooperación Internacional para el Desarrollo(AECID), así como el transporte de diverso material dentro de la Comunidad autónoma de Madrid(CAM).",Dirección de la Agencia Española de Cooperación Internacional para el Desarrollo (AECID),2023-08-14,https://contrataciondelestado.es/wps/poc?uri=deeplink:detalle_licitacion&amp;idEvl=0DBLy9f3ZHUSugstABGr5A%3D%3D,No especificado,46731316.0,False,PLACE/ZIP-historico,2020/CTR/0900070
https://contrataciondelestado.es/sindicacion/licitacionesPerfilContratante/13263039,servicios de consistente en Codirección Internacional y dirección administrativa y financiera internacional para la ejecución del proyecto “Fortalecimiento de la gobernabilidad inclusiva de la migración en Senegal para mejorar la sinergia migración y desarrollo” en la Oficina Técnica de Cooperación de España en Senegal,Dirección de la Agencia Española de Cooperación Internacional para el Desarrollo (AECID),2023-08-23,https://contrataciondelestado.es/wps/poc?uri=deeplink:detalle_licitacion&amp;idEvl=ToOCkxI%2BEd4mMOlAXxDEjw%3D%3D,Directo,82500.0,False,PLACE/ZIP-historico,2023/CTR/0900300
https://contrataciondelestado.es/sindicacion/licitacionesPerfilContratante/11879924,Servicio de formación en idiomas para el personal de sede en la AECID.,Dirección de la Agencia Española de Cooperación Internacional para el Desarrollo (AECID),2023-08-23,https://contrataciondelestado.es/wps/poc?uri=deeplink:detalle_licitacion&amp;idEvl=i%2B77jIXQScNvYnTkQN0%2FZA%3D%3D,No especificado,11359498.0,False,PLACE/ZIP-historico,2022/CTR/0901057
https://contrataciondelestado.es/sindicacion/licitacionesPerfilContratante/13263061,suministro consistente en la instalación de generación solar fotovoltaica y su red de distribución de suministro a servicios comunitarios del campo de refugiados de Kobe en Etiopía de la Oficina Técnica de Cooperación de España en Etiopía,Dirección de la Agencia Española de Cooperación Internacional para el Desarrollo (AECID),2023-08-23,https://contrataciondelestado.es/wps/poc?uri=deeplink:detalle_licitacion&amp;idEvl=hxETAongLDY%2Bk2oCbDosIw%3D%3D,No especificado,51782873.0,False,PLACE/ZIP-historico,2023/CTR/0900020
https://contrataciondelestado.es/sindicacion/licitacionesPerfilContratante/13263146,Contrato administrativo  de servicios para almacenaje y custodio de documentos de archivo en la oficina técnica de cooperación de España en Nicaragua de la Agencia Española de Cooperación Internacional para el Desarrollo,Dirección de la Agencia Española de Cooperación Internacional para el Desarrollo (AECID),2023-08-23,https://contrataciondelestado.es/wps/poc?uri=deeplink:detalle_licitacion&amp;idEvl=igq%2FRuaCaeS7JOCXkOhcDg%3D%3D,No especificado,1934058.0,False,PLACE/ZIP-historico,2023/CTR/0900045
https://contrataciondelestado.es/sindicacion/licitacionesPerfilContratante/13262936,Servicio de apoyo a la programación y gestión cultural en el Centro de Formación de Santa Cruz de la Sierra (Bolivia)de la Agencia Española de Cooperación Internacional para el Desarrollo,Dirección de la Agencia Española de Cooperación Internacional para el Desarrollo (AECID),2023-08-23,https://contrataciondelestado.es/wps/poc?uri=deeplink:detalle_licitacion&amp;idEvl=fdFwPLb3c59SYrkJkLlFdw%3D%3D,No especificado,21871681.0,False,PLACE/ZIP-historico,2022/CTR/0900313
https://contrataciondelestado.es/sindicacion/licitacionesPerfilContratante/13262956,"Servicios de limpieza en la Oficina Técnica de Cooperación, Centro Cultural Español en Malabo y Finca Carboneras de la Agencia Española de Cooperación Internacional para el Desarrollo",Dirección de la Agencia Española de Cooperación Internacional para el Desarrollo (AECID),2023-08-23,https://contrataciondelestado.es/wps/poc?uri=deeplink:detalle_licitacion&amp;idEvl=dmPFcwuY4SuP%2Bo96UAV7cQ%3D%3D,No especificado,14602533.0,False,PLACE/ZIP-historico,2023/CTR/0900006
https://contrataciondelestado.es/sindicacion/licitacionesPerfilContratante/13262999,"Contrato de servicio de soporte informático para la Oficina Técnica de Cooperación de España en Egipto,",Dirección de la Agencia Española de Cooperación Internacional para el Desarrollo (AECID),2023-08-23,https://contrataciondelestado.es/wps/poc?uri=deeplink:detalle_licitacion&amp;idEvl=AadJuM23E2RxseVhcqrkhw%3D%3D,No especificado,258552.0,False,PLACE/ZIP-historico,2023/CTR/0900000
https://contrataciondelestado.es/sindicacion/licitacionesPerfilContratante/13263023,servicios de apoyo técnico para el proyecto “fortalecimiento de la capacidad del sector salud en Colombia y el acceso de las y los migrantes a los servicios de salud en contexto covid-19”,Dirección de la Agencia Española de Cooperación Internacional para el Desarrollo (AECID),2023-08-23,https://contrataciondelestado.es/wps/poc?uri=deeplink:detalle_licitacion&amp;idEvl=I%2FoAYQd96xBxseVhcqrkhw%3D%3D,No especificado,1400000.0,False,PLACE/ZIP-historico,2022/CTR/0900484
https://contrataciondelestado.es/sindicacion/licitacionesPerfilContratante/13273963,"suministros consistente en equipos informáticos y mobiliario en el marco del proyecto “apoyo al componente digital del proyecto de&#xD;
universidades transformadoras de género de la oficina de la presidenta de Etiopía",Dirección de la Agencia Española de Cooperación Internacional para el Desarrollo (AECID),2023-08-25,https://contrataciondelestado.es/wps/poc?uri=deeplink:detalle_licitacion&amp;idEvl=nKS3z1%2BsnvXi0Kd8%2Brcp6w%3D%3D,No especificado,74380.0,False,PLACE/ZIP-historico,2023/CTR/0900024
https://contrataciondelestado.es/sindicacion/licitacionesPerfilContratante/13328016,"servicios de vigilancia y seguridad en el Centro Cultural de&#xD;
España en México",Dirección de la Agencia Española de Cooperación Internacional para el Desarrollo (AECID),2023-09-06,https://contrataciondelestado.es/wps/poc?uri=deeplink:detalle_licitacion&amp;idEvl=ZDZUVbdrTszLIx6q1oPaMg%3D%3D,No especificado,70038447.0,False,PLACE/ZIP-historico,2023/CTR/0900159
https://contrataciondelestado.es/sindicacion/licitacionesPerfilContratante/13351977,servicio de gestión de cesión de espacios y salas de exposiciones del Centro Cultural de España en Montevideo de la Agencia Española de Cooperación Internacional para el Desarrollo.,Dirección de la Agencia Española de Cooperación Internacional para el Desarrollo (AECID),2023-09-11,https://contrataciondelestado.es/wps/poc?uri=deeplink:detalle_licitacion&amp;idEvl=rP%2Fn76zNGOeqb7rCcv76BA%3D%3D,No especificado,8168802.0,False,PLACE/ZIP-historico,2023/CTR/0900345
https://contrataciondelestado.es/sindicacion/licitacionesPerfilContratante/13359170,Contrato de servicio de limpieza en la Oficina Técnica de Cooperación de España en Ecuador de la Aecid,Dirección de la Agencia Española de Cooperación Internacional para el Desarrollo (AECID),2023-09-14,https://contrataciondelestado.es/wps/poc?uri=deeplink:detalle_licitacion&amp;idEvl=X%2Bkcju1L5AmcTfjQf3USOg%3D%3D,No especificado,12255.0,False,PLACE/ZIP-historico,2023/CTR/0900158
https://contrataciondelestado.es/sindicacion/licitacionesPerfilContratante/13359287,Servicios consistente en la gestión de la mediateca para el centro cultural de España en Montevideo (Uruguay) de la Aecid,Dirección de la Agencia Española de Cooperación Internacional para el Desarrollo (AECID),2023-09-14,https://contrataciondelestado.es/wps/poc?uri=deeplink:detalle_licitacion&amp;idEvl=sO2o%2B0ongio%2FbjW6njtWLw%3D%3D,No especificado,46628.0,False,PLACE/ZIP-historico,2023/CTR/0900206
https://contrataciondelestado.es/sindicacion/licitacionesPerfilContratante/12296766,"La prestación del servicio de catering para reuniones y eventos derivados de las funciones propias de la Agencia Española de Cooperación Internacional para el Desarrollo (AECID) celebrados en sede por las distintas Unidades de la Agencia, cuyas prestaciones concretas y las características de su ejecución material se definen en el Pliego de Prescripciones Técnicas.",Dirección de la Agencia Española de Cooperación Internacional para el Desarrollo (AECID),2023-09-14,https://contrataciondelestado.es/wps/poc?uri=deeplink:detalle_licitacion&amp;idEvl=BNMgQXo1y4x7h85%2Fpmmsfw%3D%3D,No especificado,10506171.0,False,PLACE/ZIP-historico,2023/CTR/0900095
https://contrataciondelestado.es/sindicacion/licitacionesPerfilContratante/13385109,Contrato de servicios de comunicación y visibilidad de los programas y proyectos de la Oficina Técnica de Cooperación en México,Dirección de la Agencia Española de Cooperación Internacional para el Desarrollo (AECID),2023-09-19,https://contrataciondelestado.es/wps/poc?uri=deeplink:detalle_licitacion&amp;idEvl=a9xsAXhn8TUXhk1FZxEyvw%3D%3D,No especificado,2078828.0,False,PLACE/ZIP-historico,2023/CTR/0900301
https://contrataciondelestado.es/sindicacion/licitacionesPerfilContratante/13391203,Adquisición de Licencias de servidores de Aplicaciones y Gestores de Base de Datos.,Dirección de la Agencia Española de Cooperación Internacional para el Desarrollo (AECID),2023-09-21,https://contrataciondelestado.es/wps/poc?uri=deeplink:detalle_licitacion&amp;idEvl=dRt8m1wSkAEtm4eBPtV6eQ%3D%3D,No especificado,390000.0,False,PLACE/ZIP-historico,2023Qd600318
https://contrataciondelestado.es/sindicacion/licitacionesPerfilContratante/13427084,"servicios de redacción de estudios de preparación del  proyecto “operación urbana integral de san salvador 500”, en el marco de la iniciativa Laif City  life para la Oficina Técnica de Cooperación en El Salvador",Dirección de la Agencia Española de Cooperación Internacional para el Desarrollo (AECID),2023-09-28,https://contrataciondelestado.es/wps/poc?uri=deeplink:detalle_licitacion&amp;idEvl=uJr2QrOFNaPLIx6q1oPaMg%3D%3D,No especificado,28333679.0,False,PLACE/ZIP-historico,2022/CTR/0900329
https://contrataciondelestado.es/sindicacion/licitacionesPerfilContratante/13427530,Contrato de servicios de apoyo técnico en la contratación administrativa para el Centro Cultural de España en Malabo,Dirección de la Agencia Española de Cooperación Internacional para el Desarrollo (AECID),2023-09-27,https://contrataciondelestado.es/wps/poc?uri=deeplink:detalle_licitacion&amp;idEvl=d%2Fu8otMckdPs%2BnLj3vAg5A%3D%3D,No especificado,59400.0,False,PLACE/ZIP-historico,2023/CTR/0900378
https://contrataciondelestado.es/sindicacion/licitacionesPerfilContratante/13427531,servicios de vigilancia y seguridad privada de la Oficina Técnica de Cooperación de España en Nicaragua,Dirección de la Agencia Española de Cooperación Internacional para el Desarrollo (AECID),2023-09-27,https://contrataciondelestado.es/wps/poc?uri=deeplink:detalle_licitacion&amp;idEvl=QUTrOFSrEo1q1DdmE7eaXg%3D%3D,No especificado,8197788.0,False,PLACE/ZIP-historico,2023/CTR/0900233
https://contrataciondelestado.es/sindicacion/licitacionesPerfilContratante/11727836,Servicio de mantenimiento de la aplicación de gestión bibliotecaria DIGIBIB de la Biblioteca Digital de la Agencia Española de Cooperación Internacional para el Desarrollo (AECID).,Dirección de la Agencia Española de Cooperación Internacional para el Desarrollo (AECID),2023-10-10,https://contrataciondelestado.es/wps/poc?uri=deeplink:detalle_licitacion&amp;idEvl=OszEOG3XNEaiEJrVRqloyA%3D%3D,No especificado,23871.0,False,PLACE/ZIP-historico,2022/CTR/0900710
https://contrataciondelestado.es/sindicacion/licitacionesPerfilContratante/13498801,Contrato de servicios de asistencia técnica para el área de contratación en la AECID,Dirección de la Agencia Española de Cooperación Internacional para el Desarrollo (AECID),2023-10-13,https://contrataciondelestado.es/wps/poc?uri=deeplink:detalle_licitacion&amp;idEvl=k9AClnxRaN%2FECtSnloz%2BZQ%3D%3D,No especificado,42293116.0,False,PLACE/ZIP-historico,2023Qd600363
https://contrataciondelestado.es/sindicacion/licitacionesPerfilContratante/13514849,"Proyecto para la tramitación de los documentos y expedientes electrónicos en formato ENI en todas sus fases en el marco del Plan de Recuperación, Transformación y Resiliencia.",Dirección de la Agencia Española de Cooperación Internacional para el Desarrollo (AECID),2023-10-13,https://contrataciondelestado.es/wps/poc?uri=deeplink:detalle_licitacion&amp;idEvl=3qxfgjV6Kd6iEJrVRqloyA%3D%3D,No especificado,62727273.0,False,PLACE/ZIP-historico,2021/CTR/0900696
https://contrataciondelestado.es/sindicacion/licitacionesPerfilContratante/13514873,"Actualización tecnológica, funcional, migración y adaptación de contenido de los portales de la AECID en el marco del Plan de Recuperación, Transformación y Resiliencia",Dirección de la Agencia Española de Cooperación Internacional para el Desarrollo (AECID),2023-10-13,https://contrataciondelestado.es/wps/poc?uri=deeplink:detalle_licitacion&amp;idEvl=zViipR5KQV2mq21uxhbaVQ%3D%3D,No especificado,47272727.0,False,PLACE/ZIP-historico,2021/CTR/0900572
https://contrataciondelestado.es/sindicacion/licitacionesPerfilContratante/12751640,Servicio de contratación de seguimiento de gastos en el exterior,Dirección de la Agencia Española de Cooperación Internacional para el Desarrollo (AECID),2023-10-16,https://contrataciondelestado.es/wps/poc?uri=deeplink:detalle_licitacion&amp;idEvl=6RduCAi%2FpkNq1DdmE7eaXg%3D%3D,No especificado,57267903.0,False,PLACE/ZIP-historico,2023/CTR/0900271
https://contrataciondelestado.es/sindicacion/licitacionesPerfilContratante/8676424,Contrato de suministro de un software de bibliotecas para la Agencia Española de Cooperación Internacional al Desarrollo,Dirección de la Agencia Española de Cooperación Internacional para el Desarrollo (AECID),2023-10-18,https://contrataciondelestado.es/wps/poc?uri=deeplink:detalle_licitacion&amp;idEvl=CiHGEC11jjGmq21uxhbaVQ%3D%3D,No especificado,64395.0,False,PLACE/ZIP-historico,2021/CTR/0900220
https://contrataciondelestado.es/sindicacion/licitacionesPerfilContratante/13151737,Servicio de integral de transporte de obras de arte para la exposición “Joaquín Sorolla” en Dinamarca.,Dirección de la Agencia Española de Cooperación Internacional para el Desarrollo (AECID),2023-10-18,https://contrataciondelestado.es/wps/poc?uri=deeplink:detalle_licitacion&amp;idEvl=JzQwkFLNX77CfVQHDepjGQ%3D%3D,No especificado,115000.0,False,PLACE/ZIP-historico,2023Qdn00369
https://contrataciondelestado.es/sindicacion/licitacionesPerfilContratante/13576972,"Adquisición de un suministro para el acceso a programas de diseño gráfico, edición de video y servicios  en la nube para el desarrollo de proyectos creativos en el ámbito de la fotografía, el diseño  gráfico y la edición de video.&#xD;",Dirección de la Agencia Española de Cooperación Internacional para el Desarrollo (AECID),2023-10-23,https://contrataciondelestado.es/wps/poc?uri=deeplink:detalle_licitacion&amp;idEvl=ZMOGOxyy85GopEMYCmrbmw%3D%3D,No especificado,4000.0,False,PLACE/ZIP-historico,2023Qd600526
https://contrataciondelestado.es/sindicacion/licitacionesPerfilContratante/13359285,"Servicio de instalación y mantenimiento integral de un equipo multifunción profesional en régimen de alquiler para la realización por parte del servicio de Reprografía de la AECID de la impresión, fotocopiado y escaneado de documentos.",Dirección de la Agencia Española de Cooperación Internacional para el Desarrollo (AECID),2023-10-24,https://contrataciondelestado.es/wps/poc?uri=deeplink:detalle_licitacion&amp;idEvl=YDy7nSFGuo6KeVWTb9Scog%3D%3D,No especificado,1226269.0,False,PLACE/ZIP-historico,2023Qd600324
https://contrataciondelestado.es/sindicacion/licitacionesPerfilContratante/13584742,Contrato de servicios de limpieza en el Centro Cultural de España en México,Dirección de la Agencia Española de Cooperación Internacional para el Desarrollo (AECID),2023-10-23,https://contrataciondelestado.es/wps/poc?uri=deeplink:detalle_licitacion&amp;idEvl=Ur3q%2F5KVHny8ebB%2FXTwy0A%3D%3D,No especificado,2206101.0,False,PLACE/ZIP-historico,2023/CTR/0900016
https://contrataciondelestado.es/sindicacion/licitacionesPerfilContratante/13608059,Contrato de servicios de atención al público con destino al Centro Cultural de España en Honduras de la Agencia Española de Cooperación Internacional para el Desarrollo.,Dirección de la Agencia Española de Cooperación Internacional para el Desarrollo (AECID),2023-10-27,https://contrataciondelestado.es/wps/poc?uri=deeplink:detalle_licitacion&amp;idEvl=AXAf9Kk9%2FYqiEJrVRqloyA%3D%3D,No especificado,8164932.0,False,PLACE/ZIP-historico,2022/CTR/0900689
https://contrataciondelestado.es/sindicacion/licitacionesPerfilContratante/13598151,"Contrato administrativo de servicios de limpieza, jardinería y mantenimiento en las oficinas del Centro Cultural de España en República Dominicana de la Agencia Española de Cooperación Internacional para el Desarrollo",Dirección de la Agencia Española de Cooperación Internacional para el Desarrollo (AECID),2023-10-26,https://contrataciondelestado.es/wps/poc?uri=deeplink:detalle_licitacion&amp;idEvl=2nYKA2cwG7Yl5NjlNci%2BtA%3D%3D,No especificado,5764501.0,False,PLACE/ZIP-historico,2022/CTR/0900640
https://contrataciondelestado.es/sindicacion/licitacionesPerfilContratante/13439621,contrato de servicios de apoyo logístico para el Centro Cultural de  España en Uruguay,Dirección de la Agencia Española de Cooperación Internacional para el Desarrollo (AECID),2023-10-26,https://contrataciondelestado.es/wps/poc?uri=deeplink:detalle_licitacion&amp;idEvl=s52IpU4aTdEZDGvgaZEVxQ%3D%3D,No especificado,1153716.0,False,PLACE/ZIP-historico,2023/CTR/0900302
https://contrataciondelestado.es/sindicacion/licitacionesPerfilContratante/13598550,Contrato administrativo de servicios de apoyo técnico en la gestión de actividades culturales del Centro Cultural de España en Lima de la Agencia Española de Cooperación Internacional para el Desarrollo,Dirección de la Agencia Española de Cooperación Internacional para el Desarrollo (AECID),2023-10-26,https://contrataciondelestado.es/wps/poc?uri=deeplink:detalle_licitacion&amp;idEvl=u5DsMsz8Ma3pxJFXpLZ%2B2A%3D%3D,No especificado,6569026.0,False,PLACE/ZIP-historico,2023/CTR/0900005
https://contrataciondelestado.es/sindicacion/licitacionesPerfilContratante/13426957,"servicios de limpieza en la Oficina Técnica de Cooperación &#xD;
en Cabo Verde",Dirección de la Agencia Española de Cooperación Internacional para el Desarrollo (AECID),2023-10-26,https://contrataciondelestado.es/wps/poc?uri=deeplink:detalle_licitacion&amp;idEvl=AT1xDdXF4HN9Zh%2FyRJgM8w%3D%3D,No especificado,847993.0,False,PLACE/ZIP-historico,2023/CTR/0900185
https://contrataciondelestado.es/sindicacion/licitacionesPerfilContratante/13598677,Servicios de limpieza para el Centro Cultural de España en Buenos Aires de la Agencia Española de Cooperación Internacional para el Desarrollo,Dirección de la Agencia Española de Cooperación Internacional para el Desarrollo (AECID),2023-10-26,https://contrataciondelestado.es/wps/poc?uri=deeplink:detalle_licitacion&amp;idEvl=QNnGploWURicCF8sV%2BqtYA%3D%3D,No especificado,7128713.0,False,PLACE/ZIP-historico,2023/CTR/0900082
https://contrataciondelestado.es/sindicacion/licitacionesPerfilContratante/13598788,Servicios de vigilancia y seguridad para el Centro Cultural de España en Buenos Aires de la Agencia Española de Cooperación Internacional para el Desarrollo,Dirección de la Agencia Española de Cooperación Internacional para el Desarrollo (AECID),2023-10-26,https://contrataciondelestado.es/wps/poc?uri=deeplink:detalle_licitacion&amp;idEvl=xa44a7xhVU3ua%2Fi14w%2FPLA%3D%3D,No especificado,5940594.0,False,PLACE/ZIP-historico,2023/CTR/0900080
https://contrataciondelestado.es/sindicacion/licitacionesPerfilContratante/13608388,servicios de chofer para el Centro Cultural de España en Buenos Aires de la Agencia Española de Cooperación Internacional para el Desarrollo.,Dirección de la Agencia Española de Cooperación Internacional para el Desarrollo (AECID),2023-10-25,https://contrataciondelestado.es/wps/poc?uri=deeplink:detalle_licitacion&amp;idEvl=0gGTsIcgunaLAncw3qdZkA%3D%3D,No especificado,7128713.0,False,PLACE/ZIP-historico,2023/CTR/0900066
https://contrataciondelestado.es/sindicacion/licitacionesPerfilContratante/13608415,Contrato de servicios de mantenimiento de instalaciones de edificio para la Oficina Técnica de Cooperación de España en Haití de la Agencia Española de Cooperación Internacional para el Desarrollo,Dirección de la Agencia Española de Cooperación Internacional para el Desarrollo (AECID),2023-10-25,https://contrataciondelestado.es/wps/poc?uri=deeplink:detalle_licitacion&amp;idEvl=nWpOl%2BxmuuJxseVhcqrkhw%3D%3D,No especificado,1099998.0,False,PLACE/ZIP-historico,2023/CTR/0900316
https://contrataciondelestado.es/sindicacion/licitacionesPerfilContratante/13608418,Contrato de servicios de apoyo técnico para el área de comunicaciones en la oficina técnica de Cooperación Española en Haiti de la AECID&#xD;,Dirección de la Agencia Española de Cooperación Internacional para el Desarrollo (AECID),2023-10-25,https://contrataciondelestado.es/wps/poc?uri=deeplink:detalle_licitacion&amp;idEvl=WLOh5W4Nlaxt5r0ngvMetA%3D%3D,No especificado,565998.0,False,PLACE/ZIP-historico,2023/CTR/0900290
https://contrataciondelestado.es/sindicacion/licitacionesPerfilContratante/13608419,Servicio de limpieza en la oficina técnica de Cooperación de España en Nicaragua de la Agencia Española de Cooperación Internacional para el Desarrollo,Dirección de la Agencia Española de Cooperación Internacional para el Desarrollo (AECID),2023-10-25,https://contrataciondelestado.es/wps/poc?uri=deeplink:detalle_licitacion&amp;idEvl=tChuIiSUX2jpxJFXpLZ%2B2A%3D%3D,No especificado,3011432.0,False,PLACE/ZIP-historico,2023/CTR/0900120
https://contrataciondelestado.es/sindicacion/licitacionesPerfilContratante/7434044,"Seguro de vida y la invalidez permanente que cubra a los cooperantes en cualquier lugar del mundo, cumpliendo los requisitos mínimos establecidos por el Estatuto de los cooperantes.&#xD;",Dirección de la Agencia Española de Cooperación Internacional para el Desarrollo (AECID),2023-10-31,https://contrataciondelestado.es/wps/poc?uri=deeplink:detalle_licitacion&amp;idEvl=qiILfkw2Fd17h85%2Fpmmsfw%3D%3D,No especificado,17467726.0,False,PLACE/ZIP-historico,2021/CTR/0900144
https://contrataciondelestado.es/sindicacion/licitacionesPerfilContratante/7603786,"Traslado, almacenaje, custodia y gestión documental de expedientes derivados de la gestión del Departamento de Gestión Económica, Financiera y Presupuestaria.",Dirección de la Agencia Española de Cooperación Internacional para el Desarrollo (AECID),2023-10-30,https://contrataciondelestado.es/wps/poc?uri=deeplink:detalle_licitacion&amp;idEvl=gKXx5axgieQuf4aBO%2BvQlQ%3D%3D,No especificado,13871385.0,False,PLACE/ZIP-historico,2021/CTR/0900210
https://contrataciondelestado.es/sindicacion/licitacionesPerfilContratante/13010608,"Servicios de traslado, almacenaje, custodia y gestión de expedientes derivados de la gestión de la Agencia Española de Cooperación Internacional para el Desarrollo (AECID) e identificación, clasificación, preparación, digitalización certificada, almacenamiento y carga de expedientes de reintegro de subvenciones digitalizados en el repositorio de la AECID.",Dirección de la Agencia Española de Cooperación Internacional para el Desarrollo (AECID),2023-11-03,https://contrataciondelestado.es/wps/poc?uri=deeplink:detalle_licitacion&amp;idEvl=iVDQ%2BbjoQ5z9pbnDwlaUlg%3D%3D,No especificado,7318014.0,False,PLACE/ZIP-historico,2023Qd600446
https://contrataciondelestado.es/sindicacion/licitacionesPerfilContratante/12276536,"El presente contrato tiene por objeto el servicio de bancario para la apertura y gestión de cuatro cuentas&#xD;
corrientes necesarias para el funcionamiento económico y administrativo de las distintas Unidades de Cooperación&#xD;
en el Exterior de la AECID (UCEs).",Dirección de la Agencia Española de Cooperación Internacional para el Desarrollo (AECID),2023-11-03,https://contrataciondelestado.es/wps/poc?uri=deeplink:detalle_licitacion&amp;idEvl=FOfCKl8p8pRvYnTkQN0%2FZA%3D%3D,No especificado,8706992.0,False,PLACE/ZIP-historico,2023/CTR/0900096
https://contrataciondelestado.es/sindicacion/licitacionesPerfilContratante/13657921,Contrato de servicios de comunicación para el Centro Cultural en La Paz - Bolivia de la Agencia Española de Cooperación Internacional para el Desarrollo.,Dirección de la Agencia Española de Cooperación Internacional para el Desarrollo (AECID),2023-11-06,https://contrataciondelestado.es/wps/poc?uri=deeplink:detalle_licitacion&amp;idEvl=JZh7WYuig1%2Brz3GQd5r6SQ%3D%3D,No especificado,1488631.0,False,PLACE/ZIP-historico,2022/CTR/0900679
https://contrataciondelestado.es/sindicacion/licitacionesPerfilContratante/13657957,Suministro de energía eléctrica para edificios de la AECID. Agrupación CUPS 6905,Dirección de la Agencia Española de Cooperación Internacional para el Desarrollo (AECID),2023-11-06,https://contrataciondelestado.es/wps/poc?uri=deeplink:detalle_licitacion&amp;idEvl=OC7E7qEdMfb%2B3JAijKO%2Bkg%3D%3D,No especificado,24070916.0,False,PLACE/ZIP-historico,2023Qd600711
https://contrataciondelestado.es/sindicacion/licitacionesPerfilContratante/13657667,"servicios para el seguimiento e implementación de la estrategia de comunicación, publicidad y visibilidad con destino al Centro Cultural de España en Honduras de la Agencia Española de Cooperación Internacional para el Desarrollo",Dirección de la Agencia Española de Cooperación Internacional para el Desarrollo (AECID),2023-11-06,https://contrataciondelestado.es/wps/poc?uri=deeplink:detalle_licitacion&amp;idEvl=iJzfSi4GGDASugstABGr5A%3D%3D,No especificado,3231952.0,False,PLACE/ZIP-historico,2022/CTR/0900718
https://contrataciondelestado.es/sindicacion/licitacionesPerfilContratante/13657673,"Servicios de coordinación de la intervención apoyo al programa de agua y alcantarillado periurbano (APAAP), con destino en la Oficina Técnica de Cooperación de España en Bolivia de la Agencia Española de Cooperación Internacional para el Desarrollo",Dirección de la Agencia Española de Cooperación Internacional para el Desarrollo (AECID),2023-11-06,https://contrataciondelestado.es/wps/poc?uri=deeplink:detalle_licitacion&amp;idEvl=nL5xr7cmj4RvYnTkQN0%2FZA%3D%3D,No especificado,5014693.0,False,PLACE/ZIP-historico,2022/CTR/0900797
https://contrataciondelestado.es/sindicacion/licitacionesPerfilContratante/13657680,servicios de mantenimiento básico de las instalaciones y otros servicios auxiliares para el Centro Cultural de España en La Paz – Bolivia de la Agencia Española de Cooperación Internacional para el Desarrollo,Dirección de la Agencia Española de Cooperación Internacional para el Desarrollo (AECID),2023-11-06,https://contrataciondelestado.es/wps/poc?uri=deeplink:detalle_licitacion&amp;idEvl=QZsxvDYwwxVvYnTkQN0%2FZA%3D%3D,No especificado,3793277.0,False,PLACE/ZIP-historico,2022/CTR/0900719
https://contrataciondelestado.es/sindicacion/licitacionesPerfilContratante/13657686,servicios de soporte técnico para la gestión de equipamiento hardware y software y soporte microinformático para el Centro Cultural de España en La Paz - Bolivia de la Agencia Española de Cooperación Internacional para el Desarrollo,Dirección de la Agencia Española de Cooperación Internacional para el Desarrollo (AECID),2023-11-06,https://contrataciondelestado.es/wps/poc?uri=deeplink:detalle_licitacion&amp;idEvl=Fc%2Fuan8DoXCiEJrVRqloyA%3D%3D,No especificado,4141504.0,False,PLACE/ZIP-historico,2022/CTR/0900682
https://contrataciondelestado.es/sindicacion/licitacionesPerfilContratante/13657697,servicios de apoyo técnico para el Centro Cultural de España en La Paz – Bolivia de la Agencia Española de Cooperación Internacional para el Desarrollo,Dirección de la Agencia Española de Cooperación Internacional para el Desarrollo (AECID),2023-11-06,https://contrataciondelestado.es/wps/poc?uri=deeplink:detalle_licitacion&amp;idEvl=LTzXe%2BWpj1cuf4aBO%2BvQlQ%3D%3D,No especificado,2993333.0,False,PLACE/ZIP-historico,2022/CTR/0900681
https://contrataciondelestado.es/sindicacion/licitacionesPerfilContratante/13703692,Contrato de suministro consistente en la adquisición de vehículos a motor para la oficina técnica de cooperación en Etiopía de la Agencia Española de Cooperación Internacional para el Desarrollo (AECID),Dirección de la Agencia Española de Cooperación Internacional para el Desarrollo (AECID),2023-11-13,https://contrataciondelestado.es/wps/poc?uri=deeplink:detalle_licitacion&amp;idEvl=I967gC%2BiFSW8ebB%2FXTwy0A%3D%3D,No especificado,53000.0,False,PLACE/ZIP-historico,2022/CTR/0900885
https://contrataciondelestado.es/sindicacion/licitacionesPerfilContratante/13703865,Servicio de Consultoría para elaboración de la &quot;Guía Nacional para la Selección de Tecnologías de Tratamiento de Aguas Residuales en la República de Panamá&quot; en la Oficina Técnica de Cooperación en Panamá,Dirección de la Agencia Española de Cooperación Internacional para el Desarrollo (AECID),2023-11-13,https://contrataciondelestado.es/wps/poc?uri=deeplink:detalle_licitacion&amp;idEvl=3qZ9W6SDzgvmnwcj%2BxbdTg%3D%3D,No especificado,9917355.0,False,PLACE/ZIP-historico,2022/CTR/0900875
https://contrataciondelestado.es/sindicacion/licitacionesPerfilContratante/13268566,"Servicios de consultoría externa especializada para la evaluación técnica final para el “programa de prevención de la violencia y el delito contra las mujeres, niñez y la adolescencia en la costa sur de Guatemala”",Dirección de la Agencia Española de Cooperación Internacional para el Desarrollo (AECID),2023-11-13,https://contrataciondelestado.es/wps/poc?uri=deeplink:detalle_licitacion&amp;idEvl=m3HfT7dNQKrCfVQHDepjGQ%3D%3D,No especificado,5258259.0,False,PLACE/ZIP-historico,2023/CTR/0900001
https://contrataciondelestado.es/sindicacion/licitacionesPerfilContratante/13703667,"Servicio de diseño, maquetación, entidad visual, gestión web de 22 números de la revista Cuadernos Hispanoamericanos.",Dirección de la Agencia Española de Cooperación Internacional para el Desarrollo (AECID),2023-11-15,https://contrataciondelestado.es/wps/poc?uri=deeplink:detalle_licitacion&amp;idEvl=v2u2wjnCnDc4NavIWzMcHA%3D%3D,No especificado,3466278.0,False,PLACE/ZIP-historico,2023Qdn00332
https://contrataciondelestado.es/sindicacion/licitacionesPerfilContratante/13719463,Servicios consistentes en apoyo en la gestión de comunicación y manejo de redes sociales en la Oficina de Cooperación Española en la República Dominicana de la Agencia Española de Cooperación Internacional para el Desarrollo (AECID),Dirección de la Agencia Española de Cooperación Internacional para el Desarrollo (AECID),2023-11-15,https://contrataciondelestado.es/wps/poc?uri=deeplink:detalle_licitacion&amp;idEvl=fpKLXOA5ZT6P66GS%2BONYvQ%3D%3D,No especificado,2945682.0,False,PLACE/ZIP-historico,2023/CTR/090663
https://contrataciondelestado.es/sindicacion/licitacionesPerfilContratante/12752186,"Contrato de servicio para la elaboración de una guía técnica de planificación hidrológica en el marco de la gestión integrada de recursos hídricos dirigida al ámbito iberoamericano, en coherencia con la meta 5 del ODS 6.&#xD;
&#xD;
Número de expediente: 2023Qdv00289",Dirección de la Agencia Española de Cooperación Internacional para el Desarrollo (AECID),2023-11-22,https://contrataciondelestado.es/wps/poc?uri=deeplink:detalle_licitacion&amp;idEvl=5hLNR7pmzQ3s%2BnLj3vAg5A%3D%3D,No especificado,16528778.0,False,PLACE/ZIP-historico,2023/CTR/0900109
https://contrataciondelestado.es/sindicacion/licitacionesPerfilContratante/10790222,Servicios de delegado de Protección de Datos de la Agencia Española de Cooperación Internacional para el Desarrollo,Dirección de la Agencia Española de Cooperación Internacional para el Desarrollo (AECID),2023-11-23,https://contrataciondelestado.es/wps/poc?uri=deeplink:detalle_licitacion&amp;idEvl=lc9X3zaggfUBPRBxZ4nJ%2Fg%3D%3D,No especificado,207336.0,False,PLACE/ZIP-historico,2021/CTR/0900657
https://contrataciondelestado.es/sindicacion/licitacionesPerfilContratante/8310414,Servicio para la realización de un microsite sobre cooperación en agua y saneamiento en un medio especializado del sector.,Dirección de la Agencia Española de Cooperación Internacional para el Desarrollo (AECID),2023-11-29,https://contrataciondelestado.es/wps/poc?uri=deeplink:detalle_licitacion&amp;idEvl=VDwuHAQTfVCrz3GQd5r6SQ%3D%3D,No especificado,30000.0,False,PLACE/ZIP-historico,2021/CTR/0900069
https://contrataciondelestado.es/sindicacion/licitacionesPerfilContratante/13426634,Suministro de bolsas KRAFT,Dirección de la Agencia Española de Cooperación Internacional para el Desarrollo (AECID),2023-12-11,https://contrataciondelestado.es/wps/poc?uri=deeplink:detalle_licitacion&amp;idEvl=lY5OwnPKNsB9Zh%2FyRJgM8w%3D%3D,No especificado,1642975.0,False,PLACE/ZIP-historico,2023Qd600603
https://contrataciondelestado.es/sindicacion/licitacionesPerfilContratante/13384890,"La confección a medida de estores, así como su transporte e instalación en las distintas dependencias propiedad de la AECID.",Dirección de la Agencia Española de Cooperación Internacional para el Desarrollo (AECID),2023-12-11,https://contrataciondelestado.es/wps/poc?uri=deeplink:detalle_licitacion&amp;idEvl=SLtXkWjNKYJrSd8H4b2soA%3D%3D,No especificado,1123967.0,False,PLACE/ZIP-historico,2023Qd600338
https://contrataciondelestado.es/sindicacion/licitacionesPerfilContratante/13908549,"Servicios de comunicación, gestión de redes sociales, interlocución con la prensa, producción audiovisual y diseño gráfico del Centro Cultural de España en México",Dirección de la Agencia Española de Cooperación Internacional para el Desarrollo (AECID),2023-12-12,https://contrataciondelestado.es/wps/poc?uri=deeplink:detalle_licitacion&amp;idEvl=H%2FTZsxU%2Fs7BeKgd8LfVV9g%3D%3D,No especificado,49541791.0,False,PLACE/ZIP-historico,2022/CTR/0900317
https://contrataciondelestado.es/sindicacion/licitacionesPerfilContratante/12810999,"Servicios necesarios para la asistencia y soporte a los usuarios en Microinformática y a los sistemas, comunicaciones e infraestructuras TI con destino a la Agencia Española de Cooperación Internacional para el Desarrollo&#xD;
Expte.: 2023Qd600223",Dirección de la Agencia Española de Cooperación Internacional para el Desarrollo (AECID),2023-12-12,https://contrataciondelestado.es/wps/poc?uri=deeplink:detalle_licitacion&amp;idEvl=i9l21wKiusl9Zh%2FyRJgM8w%3D%3D,No especificado,129599005.0,False,PLACE/ZIP-historico,2023/CTR/0900184
https://contrataciondelestado.es/sindicacion/licitacionesPerfilContratante/13943871,Suministro de derechos sobre largometrajes.,Dirección de la Agencia Española de Cooperación Internacional para el Desarrollo (AECID),2023-12-15,https://contrataciondelestado.es/wps/poc?uri=deeplink:detalle_licitacion&amp;idEvl=M9Z7QSY5CvQaF6cS8TCh%2FA%3D%3D,No especificado,49500.0,False,PLACE/ZIP-historico,2023Qdn00600
https://contrataciondelestado.es/sindicacion/licitacionesPerfilContratante/13855207,Servicio de elaboración de una guía técnica de transversalización para la aplicación en la AECID.,Dirección de la Agencia Española de Cooperación Internacional para el Desarrollo (AECID),2023-12-21,https://contrataciondelestado.es/wps/poc?uri=deeplink:detalle_licitacion&amp;idEvl=8P3TUkNV1u3I8aL3PRS10Q%3D%3D,No especificado,60000.0,False,PLACE/ZIP-historico,2023QdD00026
https://contrataciondelestado.es/sindicacion/licitacionesPerfilContratante/7675718,Suministro de material de visibilidad o merchandising para la AECID,Dirección de la Agencia Española de Cooperación Internacional para el Desarrollo (AECID),2023-12-20,https://contrataciondelestado.es/wps/poc?uri=deeplink:detalle_licitacion&amp;idEvl=K%2BvFmVNL2jF7h85%2Fpmmsfw%3D%3D,No especificado,100000.0,False,PLACE/ZIP-historico,2021/CTR/0900138
https://contrataciondelestado.es/sindicacion/licitacionesPerfilContratante/14022576,Proyecto de creación de portales web para las Oficinas de la Cooperación  Española (OCE) de la Agencia Española de Cooperación Internacional para el Desarrollo (AECID).&#xD;,Dirección de la Agencia Española de Cooperación Internacional para el Desarrollo (AECID),2023-12-27,https://contrataciondelestado.es/wps/poc?uri=deeplink:detalle_licitacion&amp;idEvl=OaZPt58adghxseVhcqrkhw%3D%3D,No especificado,3127334.0,False,PLACE/ZIP-historico,2023Qd600725
https://contrataciondelestado.es/sindicacion/licitacionesPerfilContratante/13010604,Servicio de centro de atención al usuario de la aplicación informática para la contabilidad y la gestión económico-financiera de las Oficinas de Cooperación en el exterior de la AECID,Dirección de la Agencia Española de Cooperación Internacional para el Desarrollo (AECID),2023-12-29,https://contrataciondelestado.es/wps/poc?uri=deeplink:detalle_licitacion&amp;idEvl=Q%2BCVcPeGeC2opEMYCmrbmw%3D%3D,No especificado,4550417.0,False,PLACE/ZIP-historico,2023Qd600447
https://contrataciondelestado.es/sindicacion/licitacionesPerfilContratante/9303269,Contrato de transporte y suministros de emergencia para la lucha contra la COVID'19 en Bolivia (3 lotes),Dirección de la Agencia Española de Cooperación Internacional para el Desarrollo (AECID),2022-02-15,https://contrataciondelestado.es/wps/poc?uri=deeplink:detalle_licitacion&amp;idEvl=EapaEn2csHmiEJrVRqloyA%3D%3D,Negociado sin publicidad,58100375.0,False,PLACE/ZIP-historico,2021/EME/0624 Bolivia
